{"cameraMode":{"drawMode":0,"name":"Shaded","section":"Shading Mode"},"sceneLighting":true,"audioPlay":false,"sceneViewState":{"showFog":true,"showMaterialUpdate":false,"showSkybox":true,"showFlares":true,"showImageEffects":true,"showParticleSystems":true},"in2DMode":false,"pivot":{"x":0.8709098100662231,"y":-4.8846330642700199,"z":2.600278377532959},"rotation":{"x":-0.3859613537788391,"y":0.01577112451195717,"z":-0.0065994346514344219,"w":-0.9223566055297852},"size":16.298431396484376,"orthographic":false}